Workbook

Sheet Raw Data
A1: PRODUCTION PERFORMANCE DATASET
A2: Simplified portfolio project based on factory downtime and operational reporting
A3: Date | B3: Shift | C3: Line | D3: Planned Hours | E3: Production Output | F3: Target Output | G3: Downtime (mins) | H3: Downtime Category | I3: Defects
A4: 46143 | B4: Day | C4: NG1 | D4: 10 | E4: 946 | F4: 1013 | G4: 24 | H4: Production | I4: 26
A5: 46144 | B5: Night | C5: NG3 | D5: 10 | E5: 850 | F5: 907 | G5: 27 | H5: Maintenance | I5: 24
A6: 46145 | B6: Day | C6: NG4 | D6: 10 | E6: 978 | F6: 989 | G6: 21 | H6: Production | I6: 4
A7: 46146 | B7: Night | C7: NG5 | D7: 10 | E7: 884 | F7: 905 | G7: 39 | H7: Production | I7: 22
A8: 46147 | B8: Day | C8: NG6 | D8: 10 | E8: 804 | F8: 900 | G8: 101 | H8: Production | I8: 16
A9: 46148 | B9: Night | C9: NG1 | D9: 10 | E9: 901 | F9: 1000 | G9: 45 | H9: Utility | I9: 27
A10: 46149 | B10: Day | C10: NG3 | D10: 10 | E10: 942 | F10: 1028 | G10: 64 | H10: Production | I10: 11
A11: 46150 | B11: Night | C11: NG4 | D11: 10 | E11: 944 | F11: 1045 | G11: 53 | H11: Production | I11: 5
A12: 46151 | B12: Day | C12: NG5 | D12: 10 | E12: 866 | F12: 941 | G12: 54 | H12: Production | I12: 28
A13: 46152 | B13: Night | C13: NG6 | D13: 10 | E13: 839 | F13: 967 | G13: 78 | H13: Production | I13: 15
A14: 46153 | B14: Day | C14: NG1 | D14: 10 | E14: 817 | F14: 925 | G14: 90 | H14: Production | I14: 21
A15: 46154 | B15: Night | C15: NG3 | D15: 10 | E15: 842 | F15: 867 | G15: 15 | H15: Production | I15: 27
... A33: 46172 | B33: Night | C33: NG6 | D33: 10 | E33: 769 | F33: 890 | G33: 68 | H33: Utility | I33: 26

Sheet Analysis
A1: PRODUCTION PERFORMANCE ANALYSIS
A3: Calculated Metrics
A5: Line | B5: Total Output | C5: Total Target | D5: Achievement Rate | E5: Avg Downtime (mins) | F5: Total Defects
A6: NG1 | B6: =SUMIF('Raw Data'!$C:$C,A6,'Raw Data'!$E:$E) -> 5340 | C6: =SUMIF('Raw Data'!$C:$C,A6,'Raw Data'!$F:$F) -> 5877 | D6: =B6/C6 -> 0.90862685 | E6: =AVERAGEIF('Raw Data'!$C:$C,A6,'Raw Data'!$G:$G) -> 62 | F6: =SUMIF('Raw Data'!$C:$C,A6,'Raw Data'!$I:$I) -> 104
A7: NG3 | B7: =SUMIF('Raw Data'!$C:$C,A7,'Raw Data'!$E:$E) -> 5095 | C7: =SUMIF('Raw Data'!$C:$C,A7,'Raw Data'!$F:$F) -> 5603 | D7: =B7/C7 -> 0.90933429 | E7: =AVERAGEIF('Raw Data'!$C:$C,A7,'Raw Data'!$G:$G) -> 63.166667 | F7: =SUMIF('Raw Data'!$C:$C,A7,'Raw Data'!$I:$I) -> 117
A8: NG4 | B8: =SUMIF('Raw Data'!$C:$C,A8,'Raw Data'!$E:$E) -> 5149 | C8: =SUMIF('Raw Data'!$C:$C,A8,'Raw Data'!$F:$F) -> 5761 | D8: =B8/C8 -> 0.89376844 | E8: =AVERAGEIF('Raw Data'!$C:$C,A8,'Raw Data'!$G:$G) -> 67.166667 | F8: =SUMIF('Raw Data'!$C:$C,A8,'Raw Data'!$I:$I) -> 72
A9: NG5 | B9: =SUMIF('Raw Data'!$C:$C,A9,'Raw Data'!$E:$E) -> 5317 | C9: =SUMIF('Raw Data'!$C:$C,A9,'Raw Data'!$F:$F) -> 5715 | D9: =B9/C9 -> 0.93035871 | E9: =AVERAGEIF('Raw Data'!$C:$C,A9,'Raw Data'!$G:$G) -> 54.833333 | F9: =SUMIF('Raw Data'!$C:$C,A9,'Raw Data'!$I:$I) -> 80
A10: NG6 | B10: =SUMIF('Raw Data'!$C:$C,A10,'Raw Data'!$E:$E) -> 5026 | C10: =SUMIF('Raw Data'!$C:$C,A10,'Raw Data'!$F:$F) -> 5651 | D10: =B10/C10 -> 0.88940011 | E10: =AVERAGEIF('Raw Data'!$C:$C,A10,'Raw Data'!$G:$G) -> 70.166667 | F10: =SUMIF('Raw Data'!$C:$C,A10,'Raw Data'!$I:$I) -> 116
A11: Overall | B11: =SUM(B6:B10) -> 25927 | C11: =SUM(C6:C10) -> 28607 | D11: =B11/C11 -> 0.90631664 | E11: =AVERAGE(E6:E10) -> 63.466667 | F11: =SUM(F6:F10) -> 489
A14: Downtime by Category
A16: Category | B16: Total Downtime (mins) | C16: Share of Downtime
A17: Production | B17: =SUMIF('Raw Data'!$H:$H,A17,'Raw Data'!$G:$G) -> 1006 | C17: =B17/SUM($B$17:$B$20) -> 0.52836134
A18: Maintenance | B18: =SUMIF('Raw Data'!$H:$H,A18,'Raw Data'!$G:$G) -> 427 | C18: =B18/SUM($B$17:$B$20) -> 0.22426471
A19: Utility | B19: =SUMIF('Raw Data'!$H:$H,A19,'Raw Data'!$G:$G) -> 471 | C19: =B19/SUM($B$17:$B$20) -> 0.24737395
A20: Quality | B20: =SUMIF('Raw Data'!$H:$H,A20,'Raw Data'!$G:$G) -> 0 | C20: =B20/SUM($B$17:$B$20) -> 0

Sheet Dashboard
A1: PRODUCTION PERFORMANCE DASHBOARD
A2: Simplified Excel portfolio project | Factory downtime and operational performance analysis
A4: TOTAL OUTPUT | C4: ACHIEVEMENT RATE | E4: AVG DOWNTIME | G4: TOTAL DEFECTS
A5: =Analysis!B11 -> 25927 | C5: =Analysis!D11 -> 0.90631664 | E5: =Analysis!E11 -> 63.466667 | G5: =Analysis!F11 -> 489
A25: KEY INSIGHTS
A26: 1. Compare average downtime across production lines to identify the line requiring the most attention.
A27: 2. Review downtime categories to identify the largest source of lost production time.
A28: 3. Use achievement rate and downtime together to investigate possible relationships between equipment availability and output.
